2024_06_23_01:23:06.41,admin0,0,Oil Painting,512,paris,,60,7,246372,4,
2024_06_23_01:23:07.51,admin1,0,Oil Painting,512,shanghai,,25,7,246372,2,
2024_06_23_01:31:10.58,1,0,Oil Painting,512,"Tranquil, wise owl, painting a serene artwork, with wise eyes and a calm demeanor",,69,7,246372,4,
2024_06_23_01:32:08.76,1,1,Oil Painting,512,"Tranquil, wise owl, with wise eyes and a calm demeanor",,69,7,246372,5,
2024_06_23_10:39:38.20,1,2,Oil Painting,512,"Tranquil, wise owl, painting a serene artwork, with wise eyes and a calm demeanor",,74,7,246372,6,
2024_06_23_10:42:06.64,1,3,Oil Painting,512,"Tranquil, wise owl, painting a serene artwork, with wise eyes and a calm demeanor",,74,19,246372,3,
2024_06_23_10:46:03.31,1,4,Oil Painting,512,"Tranquil, wise owl, painting a serene artwork, with wise eyes and a calm demeanor",,74,6,246372,2,
2024_06_24_16:05:24.13,1,5,Oil Painting,512,shanghai,,100,30,246372,3,
2024_06_24_16:06:22.96,1,6,Oil Painting,512,beijing,,27,30,246372,3,
2024_06_24_16:35:01.36,1,7,Oil Painting,512,sadasd,,25,7,246372,2,
2024_06_28_15:31:01.02,1,8,Oil Painting,512,paris,water,25,7,246372,3,
